"","obs","preds","y_up","y_dn","year","stock"
"6",0.628925712288426,0.558084234501359,0.624592993903637,0.49157547509908,1980,"BBRKC"
"7",0.325649989871755,0.531287074403685,0.599783627100415,0.462790521706954,1981,"BBRKC"
"8",0.479291554795438,0.555904094138673,0.655687289252885,0.456120899024462,1982,"BBRKC"
"9",0.349583271010012,0.491003622138372,0.54635576728352,0.435651476993225,1983,"BBRKC"
"10",0.745172899232475,0.398491781823385,0.458006150204932,0.338977413441838,1984,"BBRKC"
"11",0.180169772669173,0.207880780696816,0.235960541358937,0.179801020034695,1985,"BBRKC"
"12",0.117992747305926,0.208333469250212,0.242087117361413,0.174579821139012,1986,"BBRKC"
"13",0.231391852142432,0.200247905770705,0.226521302102006,0.173974509439403,1987,"BBRKC"
"14",0.204188555526417,0.220855151672092,0.243315612698436,0.198394690645748,1988,"BBRKC"
"15",0.271190574342129,0.222016100891954,0.245248123811017,0.19878407797289,1989,"BBRKC"
"16",0.328243933071522,0.204331196806017,0.224979641011414,0.18368275260062,1990,"BBRKC"
"17",0.128148353755029,0.231543060494693,0.268094173540524,0.194991947448861,1991,"BBRKC"
"18",0.0902380435412741,0.179487454614449,0.20311581616578,0.155859093063119,1992,"BBRKC"
"19",0.107703676200584,0.216944670782664,0.239438720104525,0.194450621460803,1993,"BBRKC"
"20",0.101783366683332,0.184348660758653,0.208352625327187,0.160344696190118,1994,"BBRKC"
"21",0.0945779586919701,0.157478587200825,0.18600092820335,0.1289562461983,1995,"BBRKC"
"22",0.114552400781677,0.283665491644196,0.32667347668463,0.240657506603763,1996,"BBRKC"
"23",0.218442847502516,0.222159788088782,0.251600085699544,0.192719490478019,1997,"BBRKC"
"24",0.341781937116495,0.225114887490917,0.255700285439097,0.194529489542738,1998,"BBRKC"
"25",0.219196686368924,0.160915231569544,0.20233596180522,0.119494501333867,1999,"BBRKC"
"26",0.100533077972186,0.183151424523697,0.206087035574324,0.160215813473069,2000,"BBRKC"
"27",0.0520880871699573,0.258656710151396,0.287232623157632,0.230080797145159,2001,"BBRKC"
"28",0.0481767279245947,0.215081990987677,0.241862840752737,0.188301141222616,2002,"BBRKC"
"29",0.0636538008470343,0.356476825464609,0.389614799201511,0.323338851727707,2003,"BBRKC"
"30",0.144794082618711,0.334063843380143,0.368929758462765,0.299197928297522,2004,"BBRKC"
"31",0.423619934531836,0.411627450023962,0.455824455436679,0.367430444611245,2005,"BBRKC"
"32",0.344636345695175,0.213206742233505,0.238599058174421,0.187814426292588,2006,"BBRKC"
"33",0.347595819253909,0.236438567099132,0.261133934345646,0.211743199852618,2007,"BBRKC"
"34",0.285814109723101,0.201387359260804,0.223342362015831,0.179432356505777,2008,"BBRKC"
"35",0.109430381325991,0.201303093237696,0.228842412724171,0.17376377375122,2009,"BBRKC"
"36",0.0679428067208245,0.20504208586958,0.235506931949021,0.174577239790138,2010,"BBRKC"
"37",0.0733686748312945,0.313261719227541,0.393968121738661,0.232555316716422,2011,"BBRKC"
"38",0.0731500567166944,0.144433356571337,0.173525102004613,0.115341611138061,2012,"BBRKC"
"39",0.0900502492937614,0.225901994106534,0.268070536541717,0.183733451671351,2013,"BBRKC"
"40",0.285906947854227,0.301583386651205,0.330503382706981,0.272663390595429,2014,"BBRKC"
"41",0.458464686257562,0.393622371807463,0.436075936654861,0.351168806960065,2015,"BBRKC"
"42",0.426376487828083,0.454984941985329,0.526765719649164,0.383204164321495,2016,"BBRKC"
"43",0.366019447940238,0.306711625875665,0.357162438435505,0.256260813315824,2017,"BBRKC"
"44",0.410010182083539,0.422927145658152,0.483278281158947,0.362576010157358,2018,"BBRKC"
"45",0.576217107126621,0.483492723123383,0.540069099176208,0.426916347070558,2019,"BBRKC"
"47",0.541968811488601,0.284055825261453,0.311431207366889,0.256680443156017,2021,"BBRKC"
"48",0.106489327630361,0.234368784629242,0.267712175126755,0.201025394131729,2022,"BBRKC"
"5",0.294659772230947,0.312768556920765,0.338665626633249,0.286871487208281,1980,"PIRKC"
"61",0.410248489828572,0.368499752499588,0.402271841685757,0.334727663313419,1981,"PIRKC"
"71",0.500671957787808,0.356020793072832,0.385252015860852,0.326789570284811,1982,"PIRKC"
"81",0.448961720794489,0.315509059119692,0.345157360017226,0.285860758222157,1983,"PIRKC"
"91",0.282268689980319,0.247498941386579,0.277938254347863,0.217059628425296,1984,"PIRKC"
"101",0.154833813036974,0.24321132008193,0.271172100180077,0.215250539983784,1985,"PIRKC"
"111",0.09746336788705,0.248799310822368,0.273638753416546,0.223959868228191,1986,"PIRKC"
"121",0.0806644517169568,0.24253389262329,0.27020368707489,0.21486409817169,1987,"PIRKC"
"131",0.0893696254456415,0.179892167962293,0.214145326483928,0.145639009440657,1988,"PIRKC"
"141",0.120344565596045,0.250428517400568,0.280149944728782,0.220707090072353,1989,"PIRKC"
"151",0.176020806501431,0.324249970599495,0.360094198415603,0.288405742783386,1990,"PIRKC"
"161",0.248431557937031,0.330461340328805,0.372733502356559,0.288189178301052,1991,"PIRKC"
"171",0.329145495934436,0.321400177888176,0.347103629454205,0.295696726322147,1992,"PIRKC"
"181",0.441185665702446,0.348299405592986,0.380687706134863,0.315911105051109,1993,"PIRKC"
"191",0.56551245507826,0.42822599427684,0.484117255414528,0.372334733139151,1994,"PIRKC"
"201",0.602305835501358,0.433718750035102,0.479394154569364,0.38804334550084,1995,"PIRKC"
"211",0.416697290435396,0.388055540186613,0.418092438819839,0.358018641553388,1996,"PIRKC"
"221",0.31016511008258,0.326833602064782,0.35040208043761,0.303265123691955,1997,"PIRKC"
"231",0.272649645953089,0.292548323770327,0.317464663805566,0.267631983735088,1998,"PIRKC"
"241",0.296858410561785,0.151265917647581,0.176084308879778,0.126447526415384,1999,"PIRKC"
"251",0.338161691594555,0.29772546525495,0.329574464980435,0.265876465529465,2000,"PIRKC"
"261",0.398211966802688,0.262701804762454,0.285121567233484,0.240282042291424,2001,"PIRKC"
"271",0.419148413683326,0.341473872206804,0.370270636421047,0.312677107992561,2002,"PIRKC"
"281",0.379133999173555,0.369173594930547,0.393114723092979,0.345232466768114,2003,"PIRKC"
"291",0.30535336391279,0.195339735259242,0.230308344281108,0.160371126237375,2004,"PIRKC"
"301",0.239793369182085,0.323730365832181,0.347318311449915,0.300142420214448,2005,"PIRKC"
"311",0.238758023564665,0.309387492771515,0.338948831454751,0.279826154088279,2006,"PIRKC"
"321",0.264904605679572,0.227009393737194,0.256584540283494,0.197434247190893,2007,"PIRKC"
"331",0.275107564527402,0.236144265114781,0.256327866246095,0.215960663983467,2008,"PIRKC"
"341",0.238254676280291,0.235783208867267,0.25605229345189,0.215514124282644,2009,"PIRKC"
"351",0.185550618836367,0.208102324095089,0.240610939885613,0.175593708304566,2010,"PIRKC"
"361",0.147601381945838,0.298105531317706,0.321546531930921,0.274664530704491,2011,"PIRKC"
"371",0.138002578825644,0.26183844032505,0.309311397983595,0.214365482666505,2012,"PIRKC"
"381",0.162957974436631,0.316094983635006,0.349309281066725,0.282880686203286,2013,"PIRKC"
"391",0.24016957834489,0.359920747420651,0.390687938268448,0.329153556572855,2014,"PIRKC"
"401",0.37900298262562,0.617677457605918,0.675137114616281,0.560217800595555,2015,"PIRKC"
"411",0.505328810118782,0.436730484138416,0.472961763094457,0.400499205182375,2016,"PIRKC"
"421",0.524642915246621,0.399694885092127,0.435870210235343,0.363519559948911,2017,"PIRKC"
"431",0.45756770326463,0.399856012375275,0.458506760607327,0.341205264143223,2018,"PIRKC"
"441",0.350761408235567,0.394153015156966,0.432354696622642,0.355951333691289,2019,"PIRKC"
"46",0.237090602626928,0.343760729458604,0.368458291164623,0.319063167752584,2021,"PIRKC"
"471",0.23959416895072,0.287186822292139,0.312786239774465,0.261587404809813,2022,"PIRKC"
"4",0.0859493561164066,0.197878502040238,0.245721286905868,0.150035717174608,1981,"SMBKC"
"51",0.25075481557509,0.41272982997484,0.485964853470596,0.339494806479083,1982,"SMBKC"
"62",0.685112548239393,0.375714720398492,0.44936275489385,0.302066685903134,1983,"SMBKC"
"72",0.49087514611195,0.449577573923754,0.499072619422971,0.400082528424538,1984,"SMBKC"
"82",0.150235477303478,0.204251716301402,0.242027932606453,0.166475499996351,1985,"SMBKC"
"92",0.0579278358857517,0.186992818463761,0.227708793896354,0.146276843031169,1986,"SMBKC"
"102",0.0412691495929868,0.0942109478295719,0.121773257295306,0.066648638363838,1987,"SMBKC"
"112",0.0456047641635269,0.297669384128881,0.341823357982138,0.253515410275624,1988,"SMBKC"
"122",0.0713692596773795,0.215353576256338,0.249081463316871,0.181625689195806,1989,"SMBKC"
"132",0.0999419340348945,0.224686383993478,0.298370771728477,0.151001996258479,1990,"SMBKC"
"142",0.134045576017204,0.315971295076524,0.362383010337956,0.269559579815093,1991,"SMBKC"
"152",0.188547964702129,0.42227778433284,0.477279282083192,0.367276286582488,1992,"SMBKC"
"162",0.465100820832876,0.333805318013804,0.392141507570879,0.27546912845673,1993,"SMBKC"
"172",0.218051189266919,0.459544429099779,0.512804823337557,0.406284034862001,1994,"SMBKC"
"182",0.0785262606505218,0.212741862028421,0.263197283558651,0.162286440498192,1995,"SMBKC"
"192",0.096788921148367,0.376961833562094,0.424137507033958,0.329786160090229,1996,"SMBKC"
"202",0.357310780170623,0.384273621522846,0.44343567708431,0.325111565961382,1997,"SMBKC"
"212",0.833146650655397,0.453634544034718,0.506393582848907,0.400875505220529,1998,"SMBKC"
"222",0.236683100215271,0.574166665365832,0.632997327571879,0.515336003159784,1999,"SMBKC"
"232",0.173110327706459,0.217828805903157,0.268478257290406,0.167179354515907,2000,"SMBKC"
"242",0.439965561599464,0.375278355904387,0.449899400339582,0.300657311469191,2001,"SMBKC"
"252",0.206480369348243,0.231845069944795,0.278335865836048,0.185354274053541,2002,"SMBKC"
"262",0.0951284689503542,0.313949909349994,0.410497694368494,0.217402124331493,2003,"SMBKC"
"272",0.060606758593033,0.139217204355367,0.18292027929468,0.0955141294160539,2004,"SMBKC"
"282",0.0493829700364583,0.200131963675059,0.23882452798827,0.161439399361849,2005,"SMBKC"
"292",0.0513045038635268,0.217513469790343,0.255004076136898,0.180022863443789,2006,"SMBKC"
"302",0.060894732412206,0.214883707507898,0.255095815423539,0.174671599592256,2007,"SMBKC"
"312",0.0677544189261173,0.162297708949204,0.196043306700269,0.128552111198139,2008,"SMBKC"
"322",0.0890793612941353,0.10096735454617,0.138627373423206,0.0633073356691339,2009,"SMBKC"
"332",0.213153425988379,0.278260757191767,0.325466938271554,0.231054576111979,2010,"SMBKC"
"342",0.57040655745565,0.557357126393094,0.622181351909854,0.492532900876333,2011,"SMBKC"
"352",0.587060836192163,0.374357530903391,0.427195130717968,0.321519931088815,2012,"SMBKC"
"362",0.163323681888904,0.399321594536431,0.474593971095155,0.324049217977707,2013,"SMBKC"
"372",0.137911202256127,0.272390061005706,0.325664837998533,0.219115284012879,2014,"SMBKC"
"382",0.291909947089219,0.391834883315324,0.463475541820086,0.320194224810562,2015,"SMBKC"
"392",0.416476760333617,0.292226865140192,0.351673491410092,0.232780238870292,2016,"SMBKC"
"402",0.18394783633405,0.280635543921672,0.328969643739378,0.232301444103965,2017,"SMBKC"
"412",0.121297595451436,0.239937136306688,0.305734175893293,0.174140096720084,2018,"SMBKC"
"422",0.202932570794817,0.158795340813376,0.219253987325395,0.0983366943013578,2019,"SMBKC"
"432",NA,0.144229467449315,0.189807812964772,0.0986511219338581,2020,"SMBKC"
"451",0.270937633588743,0.203270974489223,0.256610602282207,0.14993134669624,2022,"SMBKC"
"461",NA,0.075900862659838,0.120043042125659,0.0317586831940166,2023,"SMBKC"
"63",0.156611860086003,0.181500016577351,0.221843649427824,0.141156383726879,1980,"PIBKC"
"73",0.275621331112376,0.215822839525152,0.237874436262676,0.193771242787627,1981,"PIBKC"
"83",0.401733516673071,0.274327798316784,0.290698255289338,0.25795734134423,1982,"PIBKC"
"93",0.463217341943188,0.371742791730598,0.39128012633649,0.352205457124707,1983,"PIBKC"
"103",0.406869003702546,0.296640320535363,0.312686260413394,0.280594380657332,1984,"PIBKC"
"113",0.278328334176829,0.343895780271713,0.35656303564912,0.331228524894307,1985,"PIBKC"
"123",0.170887974762498,0.343239151931248,0.367233996603908,0.319244307258588,1986,"PIBKC"
"133",0.110674527791887,0.35746821826695,0.375750377635684,0.339186058898215,1987,"PIBKC"
"143",0.0835885188997574,0.189782809899483,0.21343909263948,0.166126527159485,1988,"PIBKC"
"153",0.0767237560154378,0.212686392000725,0.235511659953464,0.189861124047986,1989,"PIBKC"
"163",0.0845951934393012,0.21481147511907,0.230960444650506,0.198662505587633,1990,"PIBKC"
"173",0.10671535723652,0.227481833512623,0.246178649933953,0.208785017091292,1991,"PIBKC"
"183",0.143051966574973,0.170317872088764,0.188442449740199,0.152193294437329,1992,"PIBKC"
"193",0.189403595174932,0.21763857606904,0.234760440880957,0.200516711257123,1993,"PIBKC"
"203",0.236771639840248,0.21896468005106,0.235840682969232,0.202088677132889,1994,"PIBKC"
"213",0.27966795523858,0.237751359756089,0.257254980974751,0.218247738537427,1995,"PIBKC"
"223",0.313256899051208,0.277218104303841,0.296810537312876,0.257625671294805,1996,"PIBKC"
"233",0.338951454952241,0.306641224289691,0.328481108692995,0.284801339886387,1997,"PIBKC"
"243",0.362375036511014,0.365902387663773,0.384099269003043,0.347705506324503,1998,"PIBKC"
"253",0.381864135365454,0.363869367912648,0.380391973784127,0.34734676204117,1999,"PIBKC"
"263",0.402412761514014,0.388444841326682,0.411389819469661,0.365499863183702,2000,"PIBKC"
"273",0.415472821246202,0.304196340793666,0.319630459672215,0.288762221915117,2001,"PIBKC"
"283",0.414399229153696,0.368263726831197,0.391703785362241,0.344823668300153,2002,"PIBKC"
"293",0.401251718256149,0.309274602257102,0.325810623599949,0.292738580914256,2003,"PIBKC"
"303",0.374670144708418,0.284040157381625,0.302466295295586,0.265614019467664,2004,"PIBKC"
"313",0.344508537321674,0.22234556623046,0.25166212586076,0.193029006600161,2005,"PIBKC"
"323",0.312451564302916,0.297202846095393,0.312227869834225,0.28217782235656,2006,"PIBKC"
"333",0.285967643184072,0.244937771578454,0.266004880470547,0.223870662686362,2007,"PIBKC"
"343",0.268161926092237,0.265077399993678,0.282696832825145,0.24745796716221,2008,"PIBKC"
"353",0.260065048480741,0.281173504494604,0.300046689575787,0.26230031941342,2009,"PIBKC"
"363",0.259740885985571,0.272434145663139,0.294676801352701,0.250191489973577,2010,"PIBKC"
"373",0.266148069293201,0.312847093269599,0.32960368966102,0.296090496878177,2011,"PIBKC"
"383",0.277148881585602,0.328467000475097,0.353940444017587,0.302993556932608,2012,"PIBKC"
"393",0.286942345510231,0.302339373168615,0.322511627170232,0.282167119166997,2013,"PIBKC"
"403",0.289786038415138,0.289517406919533,0.304561913708366,0.2744729001307,2014,"PIBKC"
"413",0.280050350019549,0.312448293369304,0.33106806856438,0.293828518174228,2015,"PIBKC"
"423",0.253328537626399,0.300250959481,0.322118139461115,0.278383779500884,2016,"PIBKC"
"433",0.217836123773818,0.238858385678423,0.259786916780705,0.217929854576142,2017,"PIBKC"
"442",0.184662385011406,0.232399432803746,0.258933188565059,0.205865677042433,2018,"PIBKC"
"452",0.16077547662317,0.244117328053468,0.266663007155896,0.221571648951039,2019,"PIBKC"
"472",0.147223685704499,0.309415416262788,0.327665684743849,0.291165147781727,2021,"PIBKC"
"481",0.157748823632415,0.300730509851856,0.325173044522088,0.276287975181624,2022,"PIBKC"
"3",0.304641681438198,0.534691075730542,0.575784481079058,0.493597670382027,1982,"Snow_mat"
"49",0.56639226933882,0.500101655893997,0.536564200964148,0.463639110823846,1983,"Snow_mat"
"52",0.822444137274464,0.492135696567861,0.524413889473195,0.459857503662526,1984,"Snow_mat"
"64",0.233973871875373,0.374913365780469,0.418627376463012,0.331199355097926,1985,"Snow_mat"
"74",0.12022580409618,0.354494258235018,0.387077970874209,0.321910545595826,1986,"Snow_mat"
"84",0.164534312489446,0.384859938789386,0.437244132905949,0.332475744672823,1987,"Snow_mat"
"94",0.295376033979778,0.465199667553839,0.511403590381958,0.41899574472572,1988,"Snow_mat"
"104",0.335951440232659,0.474746587126182,0.53221974867471,0.417273425577653,1989,"Snow_mat"
"114",0.440788766642602,0.575553346763674,0.633913340263651,0.517193353263698,1990,"Snow_mat"
"124",0.715300203646365,0.490102950007929,0.531015618861182,0.449190281154676,1991,"Snow_mat"
"134",0.392226500414305,0.389619180187721,0.427318244260901,0.351920116114541,1992,"Snow_mat"
"144",0.365927514095146,0.359932809004292,0.411159297072029,0.308706320936554,1993,"Snow_mat"
"154",0.396145497520159,0.407341509133795,0.458696739263605,0.355986279003985,1994,"Snow_mat"
"164",0.573230404339101,0.469597316512154,0.536308550404862,0.402886082619446,1995,"Snow_mat"
"174",0.546935146823037,0.611564622926826,0.652861828958847,0.570267416894804,1996,"Snow_mat"
"184",0.550611720544789,0.649118504401793,0.704622672877844,0.593614335925742,1997,"Snow_mat"
"194",0.599980506775371,0.533172334042832,0.583682807927991,0.482661860157672,1998,"Snow_mat"
"204",0.247696916755354,0.437834761897635,0.486964538815212,0.388704984980059,1999,"Snow_mat"
"214",0.216136985263879,0.349864377186366,0.395145401130418,0.304583353242313,2000,"Snow_mat"
"224",0.47794952480585,0.415947109388726,0.454105043564769,0.377789175212683,2001,"Snow_mat"
"234",0.44007475766799,0.392825764960439,0.438068458234438,0.34758307168644,2002,"Snow_mat"
"244",0.289263839268695,0.322426420610389,0.365660339712127,0.27919250150865,2003,"Snow_mat"
"254",0.271531577352409,0.304179310016327,0.343043095981208,0.265315524051447,2004,"Snow_mat"
"264",0.506671500869552,0.443424832543709,0.479311839233582,0.407537825853837,2005,"Snow_mat"
"274",0.577564286010621,0.505558653748229,0.546568305361789,0.464549002134668,2006,"Snow_mat"
"284",0.545669785220993,0.494635687889093,0.542886268910115,0.44638510686807,2007,"Snow_mat"
"294",0.382664103219173,0.46433405226144,0.500962206919037,0.427705897603842,2008,"Snow_mat"
"304",0.186773003566134,0.450133221177258,0.48711200214938,0.413154440205136,2009,"Snow_mat"
"314",0.174391839518875,0.400711595689122,0.440562442785535,0.36086074859271,2010,"Snow_mat"
"324",0.306573479902839,0.467823646710863,0.503677020465125,0.431970272956602,2011,"Snow_mat"
"334",0.610838167489925,0.574886104184249,0.646095559831437,0.503676648537061,2012,"Snow_mat"
"344",0.408844983081959,0.455262207750526,0.493222714726679,0.417301700774372,2013,"Snow_mat"
"354",0.564932461923912,0.430047809074924,0.469909095959832,0.390186522190017,2014,"Snow_mat"
"364",0.454652460282413,0.345008019792337,0.398042640999739,0.291973398584935,2015,"Snow_mat"
"374",0.347273451970457,0.272864042533567,0.321857139477799,0.223870945589335,2016,"Snow_mat"
"384",0.376810728653617,0.49304255225678,0.558825306437614,0.427259798075945,2017,"Snow_mat"
"394",0.645263493389705,0.660304850652475,0.740205943184512,0.580403758120438,2018,"Snow_mat"
"404",0.797371292146134,0.733077658573603,0.780090196849306,0.6860651202979,2019,"Snow_mat"
"424",0.595482386681927,0.503319444592193,0.562378222498294,0.444260666686091,2021,"Snow_mat"
"434",0.340093420373036,0.21991810846852,0.268091760584732,0.171744456352309,2022,"Snow_mat"
"310",0.229713,0.271412401942526,0.302185296901215,0.240639506983837,1982,"Snow_mat"
"410",0.170636,0.225720604385246,0.251071295105745,0.200369913664748,1983,"Snow_mat"
"53",0.147349,0.184872323924354,0.205434277959085,0.164310369889624,1984,"Snow_mat"
"65",0.0912786,0.157780299012295,0.181409741133237,0.134150856891353,1985,"Snow_mat"
"75",0.0828744,0.130617030956176,0.146905628363651,0.114328433548701,1986,"Snow_mat"
"85",0.104313,0.197056686765086,0.229741216379906,0.164372157150266,1987,"Snow_mat"
"95",0.131554,0.163116723330789,0.187541286606207,0.138692160055371,1988,"Snow_mat"
"105",0.17197,0.19430061861703,0.229567772987758,0.159033464246302,1989,"Snow_mat"
"115",0.216647,0.216972856542553,0.256215883767553,0.177729829317553,1990,"Snow_mat"
"125",0.282267,0.231654963061597,0.260212121039154,0.203097805084041,1991,"Snow_mat"
"135",0.250983,0.162920090600285,0.185137608905217,0.140702572295352,1992,"Snow_mat"
"145",0.311791,0.171617064844481,0.198706741358354,0.144527388330608,1993,"Snow_mat"
"155",0.295833,0.159342510043372,0.194922602005478,0.123762418081266,1994,"Snow_mat"
"165",0.325076,0.181271253318309,0.219372283373317,0.1431702232633,1995,"Snow_mat"
"175",0.451671,0.45314195890767,0.498021793103703,0.408262124711637,1996,"Snow_mat"
"185",0.512897,0.358034256249193,0.406611008455146,0.30945750404324,1997,"Snow_mat"
"195",0.323357,0.273399940113316,0.308558711566999,0.238241168659633,1998,"Snow_mat"
"205",0.130247,0.17483437308414,0.200406236550905,0.149262509617375,1999,"Snow_mat"
"215",0.164037,0.14960291755098,0.174672086325388,0.124533748776572,2000,"Snow_mat"
"225",0.325,0.229948287274318,0.257159236983664,0.202737337564972,2001,"Snow_mat"
"235",0.222803,0.192085742365211,0.218835281537664,0.165336203192759,2002,"Snow_mat"
"245",0.194102,0.267996265900809,0.307957591585671,0.228034940215947,2003,"Snow_mat"
"255",0.185797,0.187808749736203,0.211935321451798,0.163682178020607,2004,"Snow_mat"
"265",0.199325,0.259887600019305,0.284384948915019,0.235390251123591,2005,"Snow_mat"
"275",0.170999,0.208984269665858,0.242006513301979,0.175962026029737,2006,"Snow_mat"
"285",0.187247,0.192228427768461,0.22152920413371,0.162927651403212,2007,"Snow_mat"
"295",0.163732,0.176441693925495,0.197655639736534,0.155227748114456,2008,"Snow_mat"
"305",0.17621,0.184337469353906,0.206225831763263,0.16244910694455,2009,"Snow_mat"
"315",0.358843,0.16237428025945,0.183465629431041,0.141282931087858,2010,"Snow_mat"
"325",0.344439,0.249459622030167,0.274450377841662,0.224468866218672,2011,"Snow_mat"
"335",0.26429,0.356501370223489,0.421048580350708,0.29195416009627,2012,"Snow_mat"
"345",0.252643,0.190566475903008,0.213006151427587,0.168126800378429,2013,"Snow_mat"
"355",0.479842,0.281716918615568,0.313148938823108,0.250284898408027,2014,"Snow_mat"
"365",0.429726,0.258190622065159,0.294663045502459,0.221718198627858,2015,"Snow_mat"
"375",0.225794,0.147956800772549,0.170717083549744,0.125196517995353,2016,"Snow_mat"
"385",0.178123,0.414901318157307,0.466353121086116,0.363449515228499,2017,"Snow_mat"
"395",0.436927,0.508894970279843,0.588600373196547,0.429189567363138,2018,"Snow_mat"
"405",1.73184,0.68578714353846,0.724117137843995,0.647457149232925,2019,"Snow_mat"
"425",0.118208,0.230192620369342,0.273106888657278,0.187278352081407,2021,"Snow_mat"
"435",0.19728,0.0818927344074822,0.101289708399653,0.0624957604153112,2022,"Snow_mat"
"66",0.243472957853988,0.317043349371642,0.364455529865275,0.269631168878009,1980,"Tanner_mat"
"76",0.318762308029375,0.284966650343049,0.329791257646157,0.240142043039942,1981,"Tanner_mat"
"86",0.534043035509569,0.356863371032274,0.399263989195784,0.314462752868764,1982,"Tanner_mat"
"96",0.191408957802739,0.16489704551722,0.19824342248814,0.1315506685463,1983,"Tanner_mat"
"106",0.121800947705049,0.189204714205296,0.221045423399749,0.157364005010843,1984,"Tanner_mat"
"116",0.0735281343604699,0.246825637820333,0.275465083923785,0.21818619171688,1985,"Tanner_mat"
"126",0.060799502309988,0.254507961822647,0.293473347451712,0.215542576193583,1986,"Tanner_mat"
"136",0.0610723004287218,0.19137336663431,0.220920853535015,0.161825879733604,1987,"Tanner_mat"
"146",0.0757404975840351,0.265804556102325,0.303404557397084,0.228204554807567,1988,"Tanner_mat"
"156",0.119670491395833,0.257786136141733,0.301941692863404,0.213630579420062,1989,"Tanner_mat"
"166",0.22126852711394,0.302564032836234,0.3595718606999,0.245556204972568,1990,"Tanner_mat"
"176",0.337257002703437,0.309190852782131,0.365460884927588,0.252920820636674,1991,"Tanner_mat"
"186",0.555309168967773,0.419407789754421,0.488385460296361,0.350430119212481,1992,"Tanner_mat"
"196",0.308902938630575,0.348897657118738,0.400737020224063,0.297058294013413,1993,"Tanner_mat"
"206",0.215198139448118,0.348466979275783,0.394720864933487,0.302213093618079,1994,"Tanner_mat"
"216",0.277969574214449,0.345837470327998,0.399963102009769,0.291711838646226,1995,"Tanner_mat"
"226",0.629517104017046,0.390645387358334,0.441737025099639,0.33955374961703,1996,"Tanner_mat"
"236",0.224766496368012,0.274049102144897,0.322212077544753,0.225886126745042,1997,"Tanner_mat"
"246",0.182601873599661,0.206336582498055,0.250093492244351,0.162579672751759,1998,"Tanner_mat"
"256",0.187717424521149,0.234111412693595,0.277567214940614,0.190655610446575,1999,"Tanner_mat"
"266",0.187134809071851,0.223879861428623,0.268882160517529,0.178877562339718,2000,"Tanner_mat"
"276",0.148791351428046,0.247436952874388,0.30133416265581,0.193539743092967,2001,"Tanner_mat"
"286",0.136682713331617,0.189628005219565,0.22064636788919,0.158609642549941,2002,"Tanner_mat"
"296",0.160451473428553,0.248752557394746,0.285933611771203,0.211571503018288,2003,"Tanner_mat"
"306",0.409888041550122,0.222277820548807,0.262199070505286,0.182356570592329,2004,"Tanner_mat"
"316",0.408276610051201,0.217119184099596,0.251788053947522,0.18245031425167,2005,"Tanner_mat"
"326",0.507381382670736,0.22966460042636,0.256812086405563,0.202517114447157,2006,"Tanner_mat"
"336",0.389286296499769,0.304560052602197,0.357820814787681,0.251299290416713,2007,"Tanner_mat"
"346",0.158130277009596,0.326754389985457,0.364843654281196,0.288665125689718,2008,"Tanner_mat"
"356",0.384132847356575,0.227179503030487,0.259169686425625,0.195189319635349,2009,"Tanner_mat"
"366",0.251889810730974,0.22445341553675,0.255506965044623,0.193399866028876,2010,"Tanner_mat"
"376",0.19686543400263,0.243942838758197,0.282089582209224,0.205796095307169,2011,"Tanner_mat"
"386",0.204719980055771,0.284856274909738,0.357816524411687,0.211896025407788,2012,"Tanner_mat"
"396",0.38226146896997,0.276333209888673,0.316107111659552,0.236559308117794,2013,"Tanner_mat"
"406",0.378901130763147,0.341184131270487,0.376351647466223,0.306016615074751,2014,"Tanner_mat"
"414",0.17511640535283,0.415271926871811,0.465736974805225,0.364806878938397,2015,"Tanner_mat"
"426",0.223728539701993,0.327883099225379,0.389880531760681,0.265885666690076,2016,"Tanner_mat"
"436",0.361996174771905,0.391283413056099,0.439530420786755,0.343036405325442,2017,"Tanner_mat"
"443",0.579263276173394,0.591593020558376,0.683614865325521,0.499571175791232,2018,"Tanner_mat"
"453",0.584817875166642,0.469363867052805,0.536995552673644,0.401732181431966,2019,"Tanner_mat"
"473",0.463865920032323,0.28766478802955,0.332290156820179,0.243039419238922,2021,"Tanner_mat"
"482",0.246055107111581,0.229516399103089,0.2691795337133,0.189853264492878,2022,"Tanner_mat"
"67",0.149808,0.0810011207835736,0.0938455900377126,0.0681566515294345,1980,"Tanner_mat"
"77",0.149128,0.121885605627795,0.140041273438302,0.103729937817287,1981,"Tanner_mat"
"87",0.130762,0.211431267148339,0.232805521879885,0.190057012416793,1982,"Tanner_mat"
"97",0.165632,0.103278572741479,0.116695879073825,0.0898612664091333,1983,"Tanner_mat"
"107",0.146711,0.130337399988194,0.147474987715548,0.113199812260841,1984,"Tanner_mat"
"117",0.0758695,0.164624239963042,0.181577077910218,0.147671402015866,1985,"Tanner_mat"
"127",0.0562773,0.120333717160004,0.137008509632516,0.103658924687492,1986,"Tanner_mat"
"137",0.0493823,0.0945165450371904,0.105084278438994,0.0839488116353873,1987,"Tanner_mat"
"147",0.0479114,0.0821234876769964,0.0928735949262473,0.0713733804277456,1988,"Tanner_mat"
"157",0.0511741,0.0502807844864012,0.0590282229346171,0.0415333460381854,1989,"Tanner_mat"
"167",0.059999,0.0716636893265928,0.0842766868591226,0.059050691794063,1990,"Tanner_mat"
"177",0.0845122,0.0866641960160224,0.101765585366708,0.0715628066653372,1991,"Tanner_mat"
"187",0.126,0.174723050554287,0.204334125658864,0.14511197544971,1992,"Tanner_mat"
"197",0.2617,0.348181864794466,0.383015920393498,0.313347809195433,1993,"Tanner_mat"
"207",0.630946,0.331904967889508,0.362230474868821,0.301579460910196,1994,"Tanner_mat"
"217",0.258549,0.353732153434864,0.389598833215922,0.317865473653807,1995,"Tanner_mat"
"227",0.217882,0.320859775269714,0.354656876326161,0.287062674213267,1996,"Tanner_mat"
"237",0.184851,0.18646834427268,0.207983048656506,0.164953639888855,1997,"Tanner_mat"
"247",0.184258,0.187235173931905,0.213864996542607,0.160605351321202,1998,"Tanner_mat"
"257",0.189554,0.174872148085819,0.197974230170041,0.151770066001598,1999,"Tanner_mat"
"267",0.147339,0.184572734715897,0.211305291981296,0.157840177450499,2000,"Tanner_mat"
"277",0.18652,0.173195996715308,0.206606539236243,0.139785454194373,2001,"Tanner_mat"
"287",0.136272,0.140722878489528,0.157691484760718,0.123754272218338,2002,"Tanner_mat"
"297",0.0979552,0.170693312584532,0.190667586906684,0.150719038262379,2003,"Tanner_mat"
"307",0.0713677,0.107519367000289,0.12142818357102,0.0936105504295589,2004,"Tanner_mat"
"317",0.0706788,0.0923413238059832,0.102921984068273,0.0817606635436934,2005,"Tanner_mat"
"327",0.09103,0.106983702666795,0.117940282864476,0.0960271224691133,2006,"Tanner_mat"
"337",0.180896,0.151184650676194,0.176807022010458,0.125562279341929,2007,"Tanner_mat"
"347",0.473664,0.254408801730219,0.275969499938997,0.232848103521442,2008,"Tanner_mat"
"357",0.133825,0.100556327326936,0.112299336471135,0.0888133181827371,2009,"Tanner_mat"
"367",0.108617,0.11683651356146,0.129849740729346,0.103823286393573,2010,"Tanner_mat"
"377",0.131545,0.112627041292744,0.127274216594337,0.0979798659911506,2011,"Tanner_mat"
"387",0.175736,0.165336547776304,0.20463821342476,0.126034882127847,2012,"Tanner_mat"
"397",0.224977,0.143029202247503,0.160423827732811,0.125634576762195,2013,"Tanner_mat"
"407",0.469626,0.22252764761502,0.242054423916753,0.203000871313288,2014,"Tanner_mat"
"415",0.654595,0.352559555002665,0.384688387414989,0.32043072259034,2015,"Tanner_mat"
"427",0.52093,0.378080485793655,0.427709396412424,0.328451575174886,2016,"Tanner_mat"
"437",0.225522,0.208405388701591,0.235423322719989,0.181387454683194,2017,"Tanner_mat"
"444",0.349833,0.34411685666681,0.404506998833436,0.283726714500183,2018,"Tanner_mat"
"454",0.472021,0.32574504726261,0.364525879870186,0.286964214655034,2019,"Tanner_mat"
"474",0.346117,0.216121082201147,0.237475930176546,0.194766234225748,2021,"Tanner_mat"
"483",0.263399,0.161199995733864,0.182292730578804,0.140107260888925,2022,"Tanner_mat"
