"","stock","est_m","up_m","dn_m","sd","Year"
"1","BBRKC",0.0727591942116339,0.386273658834536,0.0137050513832577,0.85173,1975
"2","BBRKC",0.144454601104773,0.632306647985027,0.0330016011168575,0.75327,1976
"3","BBRKC",0.275053405046744,0.865740213357249,0.0873869256164369,0.58501,1977
"4","BBRKC",0.545937925096453,1.17122756542417,0.254475071162349,0.38944,1978
"5","BBRKC",0.278315476818649,0.753574043237613,0.102789507324322,0.5082,1979
"6","BBRKC",0.991436874218195,1.59272374848781,0.617148502050524,0.24186,1980
"7","BBRKC",0.394037183410042,1.16534921795438,0.133234999017948,0.55323,1981
"8","BBRKC",0.652594057988487,1.98313078407941,0.21475084141744,0.56708,1982
"9","BBRKC",0.430176366385484,1.50879361341844,0.122648786786253,0.64024,1983
"10","BBRKC",1.36724805407001,2.51546581219952,0.74314953210342,0.31105,1984
"11","BBRKC",0.198673997718125,0.649989155550559,0.0607261783250342,0.60474,1985
"12","BBRKC",0.125565216750742,0.447137466646089,0.035261244770929,0.64798,1986
"13","BBRKC",0.263192388242621,1.17494060807563,0.0589563700094667,0.76331,1987
"14","BBRKC",0.228410232823364,0.737179397896948,0.0707714222715114,0.5978,1988
"15","BBRKC",0.316367742477712,0.963882384109848,0.103838964307742,0.5684,1989
"16","BBRKC",0.397889878169191,1.11087323029255,0.142515231110395,0.52384,1990
"17","BBRKC",0.137145894009701,0.519794571639858,0.0361854418455761,0.67979,1991
"18","BBRKC",0.0945789824917401,0.376176812542361,0.0237792007134027,0.7044,1992
"19","BBRKC",0.113965443925428,0.510831647504321,0.0254254458833428,0.76538,1993
"20","BBRKC",0.107352228035587,0.443190136050713,0.0260035139024078,0.72341,1994
"21","BBRKC",0.0993615560689714,0.407948637901008,0.0242008868450813,0.7206,1995
"22","BBRKC",0.121670342767112,0.461973199187377,0.0320444396668605,0.68071,1996
"23","BBRKC",0.246485034329921,0.857581380561745,0.0708444394033205,0.63613,1997
"24","BBRKC",0.41825248404231,1.0635615192368,0.164480509348527,0.47617,1998
"25","BBRKC",0.247449192716538,0.880095900153796,0.0695732169248443,0.64736,1999
"26","BBRKC",0.105961442610534,0.414144968910626,0.0271108625311549,0.69548,2000
"27","BBRKC",0.0534985889603976,0.181953958351473,0.0157297980581713,0.62454,2001
"28","BBRKC",0.0493804836826837,0.175912740412645,0.0138616007175823,0.64818,2002
"29","BBRKC",0.0657760163668214,0.2393846515665,0.0180733572548468,0.65909,2003
"30","BBRKC",0.156424783679659,0.560598901366039,0.0436474507702458,0.65124,2004
"31","BBRKC",0.551027809577668,1.17574642355851,0.258245860539378,0.38667,2005
"32","BBRKC",0.422595424872722,1.03353855012459,0.17279170970626,0.45629,2006
"33","BBRKC",0.427124388590939,1.13093870470249,0.161313113231167,0.4968,2007
"34","BBRKC",0.336637027102482,1.19723747654246,0.0946549788465279,0.64733,2008
"35","BBRKC",0.115902031586768,0.448790631296202,0.0299321776997483,0.69072,2009
"36","BBRKC",0.0703691726650324,0.26494929789492,0.0186896908235064,0.67642,2010
"37","BBRKC",0.0762071491366102,0.327407403922083,0.017737929900057,0.74375,2011
"38","BBRKC",0.0759712727715501,0.312759986152809,0.0184538769090153,0.72198,2012
"39","BBRKC",0.0943730248852652,0.321652084660653,0.0276891344739492,0.62562,2013
"40","BBRKC",0.336768341147626,1.12299721972911,0.100991270153529,0.61447,2014
"41","BBRKC",0.613423326390555,1.42512111059442,0.264039438166138,0.43008,2015
"42","BBRKC",0.555825990745942,1.41691560498933,0.218038767376716,0.47744,2016
"43","BBRKC",0.455773182506287,1.17325648141181,0.177053523405167,0.48242,2017
"44","BBRKC",0.527688041699157,1.28433002364154,0.21680928128019,0.45382,2018
"45","BBRKC",0.858558893956395,1.70338594066312,0.432740083615266,0.34955,2019
"46","BBRKC",0.288641455357687,0.950159703090394,0.0876840908744344,0.60788,2020
"47","BBRKC",0.780906386471133,1.22057883360237,0.499611141569297,0.22787,2021
"48","BBRKC",0.112606031386468,0.317731179879344,0.0399083222157342,0.52924,2022
"49","BBRKC",0.223197109238336,1.59420630824325,0.0312487469876128,1.0031,2023
"50","PIRKC",0.0744297166165254,0.412399969828542,0.0134330337558451,0.87354,1976
"51","PIRKC",0.0953119578812367,0.3123705298917,0.0290820306201876,0.60563,1977
"52","PIRKC",0.130294240196437,0.412669767623072,0.0411384364940273,0.58819,1978
"53","PIRKC",0.201215259738866,0.650109804733727,0.0622780651160343,0.59835,1979
"54","PIRKC",0.349095414556633,1.08792520427515,0.112018370367348,0.57994,1980
"55","PIRKC",0.528083956179803,1.20491039116615,0.231446808674801,0.42087,1981
"56","PIRKC",0.694529945254651,1.43433252266507,0.336304055881795,0.37001,1982
"57","PIRKC",0.595984868894481,1.55611697552007,0.228259166591548,0.48966,1983
"58","PIRKC",0.331678218980917,0.994515097308919,0.110617165334174,0.56025,1984
"59","PIRKC",0.168232218674107,0.500876557736609,0.0565050988369386,0.55664,1985
"60","PIRKC",0.102550491673436,0.294104068437606,0.0357581022198425,0.53754,1986
"61","PIRKC",0.0841125076094648,0.237701118289851,0.02976390682237,0.53003,1987
"62","PIRKC",0.0936210525858952,0.27931150908158,0.0313803806943413,0.55769,1988
"63","PIRKC",0.128232532889515,0.426001675338933,0.0385998070974202,0.61255,1989
"64","PIRKC",0.193621510956394,0.725930934663576,0.0516430526857367,0.67426,1990
"65","PIRKC",0.285608867594034,1.04947327977781,0.0777270148941916,0.66399,1991
"66","PIRKC",0.399225044415862,1.15689119133596,0.137766314829312,0.54284,1992
"67","PIRKC",0.581973712381601,1.29717964002071,0.261099844195685,0.40894,1993
"68","PIRKC",0.833601340415735,1.69998053330577,0.408764207076908,0.36358,1994
"69","PIRKC",0.922101476686278,2.13073459383771,0.399050700995836,0.42733,1995
"70","PIRKC",0.539080698691894,1.15228531398649,0.252201426308856,0.38757,1996
"71","PIRKC",0.371324104761212,0.875753692961938,0.157443344955108,0.43776,1997
"72","PIRKC",0.318365240581256,0.821034621913881,0.123449637451455,0.48335,1998
"73","PIRKC",0.352216230778413,1.00984211817952,0.122847196596823,0.5374,1999
"74","PIRKC",0.412759574335123,1.11226624930816,0.153174175977455,0.50576,2000
"75","PIRKC",0.507880040518946,1.25008056345331,0.206340409649253,0.45955,2001
"76","PIRKC",0.543291103766054,1.29438127363375,0.228035764611082,0.44293,2002
"77","PIRKC",0.476665639163341,1.23458885040533,0.18403708366911,0.48555,2003
"78","PIRKC",0.364371983671555,1.05960351955649,0.125298699026892,0.54463,2004
"79","PIRKC",0.274180947012332,0.76724630607018,0.0979805195669495,0.52501,2005
"80","PIRKC",0.272819465796363,0.772300929391723,0.0963749467141465,0.5309,2006
"81","PIRKC",0.30777262473974,0.868978582643781,0.109006125618195,0.52957,2007
"82","PIRKC",0.321750139158804,0.929607523175864,0.111362214125633,0.54132,2008
"83","PIRKC",0.272158952277077,0.814532459237422,0.0909362106623749,0.5593,2009
"84","PIRKC",0.205255445488066,0.638595784424663,0.0659725587453743,0.57909,2010
"85","PIRKC",0.159710895706328,0.494176963615253,0.0516162672187542,0.57629,2011
"86","PIRKC",0.148510442996974,0.455012494485738,0.0484719693336875,0.57126,2012
"87","PIRKC",0.177891760629618,0.536016679459989,0.0590382346530461,0.56275,2013
"88","PIRKC",0.274675466507096,0.796730978366343,0.0946952157622766,0.54333,2014
"89","PIRKC",0.476455952416576,1.25839764331859,0.180396296670204,0.49552,2015
"90","PIRKC",0.703899280873639,1.60056261210001,0.309562521246414,0.41912,2016
"91","PIRKC",0.743727927405994,1.56713513861999,0.35295694440921,0.38027,2017
"92","PIRKC",0.611726494972935,1.41193344120045,0.26503324712935,0.42675,2018
"93","PIRKC",0.431978266945519,0.997934136838752,0.18699152201004,0.4272,2019
"94","PIRKC",0.316702319974567,0.759642159003329,0.132036325641628,0.44637,2020
"95","PIRKC",0.27063154385261,0.716114076494025,0.10227620840331,0.49647,2021
"96","PIRKC",0.273918133523357,0.654603480461849,0.11462075303966,0.44449,2022
"97","PIRKC",0.292585016453557,2.67470742357053,0.032005740552681,1.129,2023
"98","SMBKC",0.405060030258106,2.73841147875651,0.059915622391125,0.97505,1978
"99","SMBKC",0.169535997513336,1.52094826668526,0.0188977199832595,1.1194,1979
"100","SMBKC",0.0955218750127536,1.14601648155526,0.00796186508030789,1.2677,1980
"101","SMBKC",0.0942202643543898,0.595830409635248,0.0148993036801288,0.94098,1981
"102","SMBKC",0.302667631887022,1.47485547213836,0.0621129982718089,0.808,1982
"103","SMBKC",1.21154935597135,2.10498091376873,0.697323112220804,0.28184,1983
"104","SMBKC",0.70772477269388,1.55737856384358,0.32161374601719,0.4024,1984
"105","SMBKC",0.170677409210311,0.816295546707763,0.0356865575614526,0.79847,1985
"106","SMBKC",0.0625618256991716,0.351879109955031,0.0111230872310485,0.88119,1986
"107","SMBKC",0.0441836706706249,0.255705215485543,0.00763455978097019,0.89575,1987
"108","SMBKC",0.048938053252875,0.281891227651512,0.00849594744800631,0.89335,1988
"109","SMBKC",0.0776293268393845,0.558510421971343,0.0107899730219272,1.0068,1989
"110","SMBKC",0.110393944189458,0.715550716427088,0.0170313894374348,0.95357,1990
"111","SMBKC",0.150892140307832,0.985459942593841,0.0231043769742173,0.95742,1991
"112","SMBKC",0.219046772261185,0.839500002068983,0.0571548401665172,0.68547,1992
"113","SMBKC",0.655996385474917,1.36504200355685,0.315251293831878,0.37387,1993
"114","SMBKC",0.257875079319969,0.946470004312266,0.0702606064970872,0.6634,1994
"115","SMBKC",0.0857404988206781,0.411550971079497,0.017862752501193,0.80031,1995
"116","SMBKC",0.106728185397971,0.54067182085299,0.0210680585135227,0.82782,1996
"117","SMBKC",0.463499487358265,1.5754188918578,0.136364858826871,0.62422,1997
"118","SMBKC",1.87742282759416,2.75358472726842,1.280046493092,0.19541,1998
"119","SMBKC",0.283158066045367,0.993494453295312,0.0807035108254595,0.64042,1999
"120","SMBKC",0.199287335238859,0.779454315221311,0.0509528797403976,0.69584,2000
"121","SMBKC",0.607805712434806,1.76806972384188,0.208944126516484,0.54479,2001
"122","SMBKC",0.242474191760043,1.10836371822082,0.0530455235074493,0.77538,2002
"123","SMBKC",0.104802253967815,0.726274526469269,0.0151230864314213,0.98768,2003
"124","SMBKC",0.0655462027180243,0.462497003948421,0.00928936761551752,0.99688,2004
"125","SMBKC",0.0530935408168738,0.331307874987346,0.00850847290177061,0.93418,2005
"126","SMBKC",0.0552161387373585,0.346136940650036,0.00880813810666269,0.93652,2006
"127","SMBKC",0.0658681672803231,0.480252150244213,0.0090340365132408,1.0136,2007
"128","SMBKC",0.0735558718731748,0.555127201280314,0.00974635412306319,1.0312,2008
"129","SMBKC",0.0978166960748512,0.69137701236553,0.013839201853505,0.99775,2009
"130","SMBKC",0.251329613537623,1.50068609469857,0.0420917971214085,0.91169,2010
"131","SMBKC",0.885856770520455,2.29495491858157,0.341942323800395,0.48567,2011
"132","SMBKC",0.927279730533999,2.51048007551433,0.342503295304204,0.50815,2012
"133","SMBKC",0.186951884009151,0.947260826261143,0.0368969200093741,0.82792,2013
"134","SMBKC",0.155582366421459,1.14801228607956,0.0210850293457779,1.0197,2014
"135","SMBKC",0.361895421419425,2.39629069974678,0.0546545943103577,0.96445,2015
"136","SMBKC",0.564734257041745,3.00466595876624,0.106143173801405,0.85284,2016
"137","SMBKC",0.213119124426008,1.65121602281875,0.0275068558979784,1.0446,2017
"138","SMBKC",0.135569615915935,1.50945098708203,0.0121760301704949,1.2296,2018
"139","SMBKC",0.237798881088346,3.95622386149728,0.0142935055817261,1.4345,2019
"140","SMBKC",0.512384479105951,4.15293785227931,0.063217380988397,1.0676,2020
"141","SMBKC",0.453649683972322,4.13979388348499,0.0497121454740016,1.1281,2021
"142","SMBKC",0.331297008267262,6.48671344809319,0.0169203878921309,1.5176,2022
"143","SMBKC",0.197404570254301,3.54716254219176,0.0109858411882098,1.4738,2023
"144","PIBKC",0.00524332206322023,0.0310061409175662,0.000886676814497624,0.90675,1975
"145","PIBKC",0.010232360323212,0.0393866796417051,0.00265828952164777,0.68769,1976
"146","PIBKC",0.0202055087774322,0.0595780536542994,0.00685256667369206,0.5517,1977
"147","PIBKC",0.0407581279617726,0.102284452197928,0.0162412268849388,0.46944,1978
"148","PIBKC",0.0836294122160288,0.184883311788062,0.0378286094075153,0.40476,1979
"149","PIBKC",0.170331285504038,0.329875753487695,0.0879505283874714,0.33723,1980
"150","PIBKC",0.32244587057882,0.537109335991325,0.193575744241043,0.26034,1981
"151","PIBKC",0.513728686584073,0.743239309989373,0.355090426289711,0.18843,1982
"152","PIBKC",0.622196076741842,0.855190352775231,0.452680454891297,0.16228,1983
"153","PIBKC",0.522348651136616,0.757593740060602,0.360150960754264,0.1897,1984
"154","PIBKC",0.326191710970319,0.51861535383539,0.205163675774081,0.23657,1985
"155","PIBKC",0.187402981403638,0.327969192603025,0.10708285482619,0.28554,1986
"156","PIBKC",0.117294196529323,0.225108223293935,0.0611169522736405,0.3326,1987
"157","PIBKC",0.0872916908441785,0.183133185725925,0.0416081840122598,0.37804,1988
"158","PIBKC",0.0798280765452218,0.182971001581557,0.034828042421079,0.42319,1989
"159","PIBKC",0.088390569048633,0.218270884089398,0.0357944795492798,0.46121,1990
"160","PIBKC",0.112851780303886,0.28784613358456,0.0442442083871703,0.47773,1991
"161","PIBKC",0.15438126336779,0.377865260730866,0.0630742673537552,0.45669,1992
"162","PIBKC",0.209988607444616,0.453866761902035,0.0971545373178193,0.39324,1993
"163","PIBKC",0.270203473026142,0.49382879040195,0.147844593621127,0.30766,1994
"164","PIBKC",0.328049751728984,0.53342777338577,0.201745475167864,0.24804,1995
"165","PIBKC",0.375803078567252,0.592014115874383,0.238555044674966,0.23187,1996
"166","PIBKC",0.413937617035438,0.652958307088892,0.262412391322331,0.23255,1997
"167","PIBKC",0.450012463470592,0.705480886633693,0.287054151452895,0.22939,1998
"168","PIBKC",0.481056765618894,0.732328276783658,0.315999831064936,0.21441,1999
"169","PIBKC",0.51486528245726,0.759820999816297,0.348879879792588,0.19856,2000
"170","PIBKC",0.536977008554346,0.78705055107789,0.366360594400293,0.19507,2001
"171","PIBKC",0.535127629887386,0.813397629356486,0.352056079257871,0.21363,2002
"172","PIBKC",0.51292276535984,0.819844000594341,0.320902224122712,0.23928,2003
"173","PIBKC",0.469484497522673,0.779435296768046,0.282788955450283,0.25864,2004
"174","PIBKC",0.422375732376788,0.736744590333033,0.242148041046605,0.28385,2005
"175","PIBKC",0.374628653864805,0.688149202817633,0.203947963206098,0.31024,2006
"176","PIBKC",0.336832333211498,0.649157701675456,0.174774204178546,0.33474,2007
"177","PIBKC",0.312200396775484,0.628210485925017,0.155153551127453,0.35675,2008
"178","PIBKC",0.301197223869381,0.624581158683755,0.145248966295758,0.3721,2009
"179","PIBKC",0.300760804375368,0.62463037761826,0.144816942450725,0.37288,2010
"180","PIBKC",0.309452707945908,0.631395013764385,0.15166571855569,0.36384,2011
"181","PIBKC",0.324558331793132,0.653679048180961,0.161146530593986,0.35722,2012
"182","PIBKC",0.338199270340259,0.68152659799577,0.167827267189641,0.3575,2013
"183","PIBKC",0.342196549794121,0.700205090795699,0.167234543464876,0.3653,2014
"184","PIBKC",0.328578337226414,0.691965486228934,0.156024723549226,0.37998,2015
"185","PIBKC",0.2921347822975,0.64352319984542,0.132617955418713,0.40293,2016
"186","PIBKC",0.245696068697546,0.587849921033166,0.102690424908679,0.44509,2017
"187","PIBKC",0.204156177920834,0.543389774389519,0.0767032192132604,0.49946,2018
"188","PIBKC",0.175280102310076,0.504184805772864,0.0609362160740554,0.53906,2019
"189","PIBKC",0.1604103595359,0.454251985851726,0.0566458358969854,0.53108,2020
"190","PIBKC",0.15926114542638,0.385101015957247,0.0658635303245693,0.45049,2021
"191","PIBKC",0.171680515057897,0.29724385989241,0.0991583114995661,0.28006,2022
"192","PIBKC",0.197404570254301,19.8072493603081,0.00196738899220276,2.3513,2023
"193","Snow_imm",0.229727834271539,0.998533476398241,0.0528523871122009,0.74969,1982
"194","Snow_imm",0.170646690041461,0.651485590554182,0.0446982914807611,0.6835,1983
"195","Snow_imm",0.147359514666976,0.546185618711942,0.0397572287130084,0.66841,1984
"196","Snow_imm",0.0912821518078994,0.30748013360046,0.0270990881300565,0.61962,1985
"197","Snow_imm",0.0828768092204556,0.27408691907422,0.0250598077783634,0.61025,1986
"198","Snow_imm",0.104319184304641,0.358483587866558,0.0303570165617639,0.62981,1987
"199","Snow_imm",0.131562928250506,0.466735576042398,0.0370848184246308,0.64606,1988
"200","Snow_imm",0.171981218998455,0.636921031807358,0.0464383152873187,0.66799,1989
"201","Snow_imm",0.216661294431392,0.841300811371454,0.0557970655325569,0.69215,1990
"202","Snow_imm",0.282285587180852,1.1160222488434,0.071401043135673,0.70133,1991
"203","Snow_imm",0.251000085302453,1.01718600895186,0.0619365998621598,0.71395,1992
"204","Snow_imm",0.311810390084478,1.21638044431204,0.079930353878406,0.69451,1993
"205","Snow_imm",0.29585376023581,1.1369349486693,0.076987208061565,0.68685,1994
"206","Snow_imm",0.325097546047919,1.22274068214576,0.0864356735566439,0.67588,1995
"207","Snow_imm",0.451703178317639,1.4855917830854,0.137343086859634,0.60742,1996
"208","Snow_imm",0.512933023917733,1.58994909500579,0.165477176503208,0.5772,1997
"209","Snow_imm",0.323379086992985,1.26475344747301,0.0826833357231454,0.69582,1998
"210","Snow_imm",0.130255157787032,0.470458089706342,0.0360635867494914,0.65521,1999
"211","Snow_imm",0.16404737843223,0.627446042325063,0.0428906082039564,0.68444,2000
"212","Snow_imm",0.325019531998928,1.25438874731226,0.0842144800861364,0.68904,2001
"213","Snow_imm",0.22281799648977,0.899691277054076,0.0551832176502596,0.71209,2002
"214","Snow_imm",0.194113934707644,0.772610375121878,0.0487700150826211,0.70476,2003
"215","Snow_imm",0.185808259477102,0.721342225757446,0.0478617611129826,0.69204,2004
"216","Snow_imm",0.199338678269115,0.771537501349948,0.0515022388212529,0.6905,2005
"217","Snow_imm",0.171010554869724,0.643675604183105,0.0454337708106328,0.67626,2006
"218","Snow_imm",0.18725948568576,0.717393481649963,0.048879890710249,0.68527,2007
"219","Snow_imm",0.163742533901646,0.618097417779476,0.0433776563973571,0.67773,2008
"220","Snow_imm",0.17622212602669,0.681811262936996,0.0455466774890108,0.69031,2009
"221","Snow_imm",0.358868231875441,1.44537383868937,0.089102489890218,0.7108,2010
"222","Snow_imm",0.344462516487397,1.3347014047752,0.0888996031923821,0.69106,2011
"223","Snow_imm",0.264307257083021,1.07247922392425,0.0651372302496785,0.7146,2012
"224","Snow_imm",0.252659385425572,1.06180193123817,0.060121161174747,0.73249,2013
"225","Snow_imm",0.47987482036419,1.86548449089615,0.123442378826178,0.69273,2014
"226","Snow_imm",0.429755000049654,1.70775970921852,0.108147158567286,0.70394,2015
"227","Snow_imm",0.225808044780099,0.930030032821317,0.0548254048664764,0.72221,2016
"228","Snow_imm",0.178135639360467,0.697490768848501,0.0454949476431777,0.6964,2017
"229","Snow_imm",0.436957212753236,1.71131007000118,0.111570433157648,0.69652,2018
"230","Snow_imm",1.73204016530281,2.70330419301899,1.10973938558942,0.22713,2019
"231","Snow_imm",0.25846370527942,503.023052968085,0.00013280402667948,3.8641,2020
"232","Snow_imm",0.118216215080117,0.427821682451867,0.0326656503891448,0.65622,2021
"233","Snow_imm",0.197294054642218,0.849127438241034,0.0458411096428582,0.74465,2022
"234","Snow_imm",0.335749477431985,2.23159103570483,0.0505145027884768,0.96638,2023
"235","Snow_mat",0.363316835623061,3.1668328895576,0.0416817456590184,1.1047,1982
"236","Snow_mat",0.835587674405757,2.41296818084049,0.289355975417637,0.54106,1983
"237","Snow_mat",1.72845855041095,3.2218044796527,0.927296792638011,0.31771,1984
"238","Snow_mat",0.2665322578799,1.21976815036412,0.0582401208535829,0.77598,1985
"239","Snow_mat",0.128083869392862,0.532866902438013,0.0307871956835526,0.72734,1986
"240","Snow_mat",0.179760476563278,0.819845640283982,0.0394145279873218,0.77423,1987
"241","Snow_mat",0.350081253004579,1.56890574711594,0.0781161544793548,0.76529,1988
"242","Snow_mat",0.40938878494969,1.67622124314912,0.0999863102365382,0.7192,1989
"243","Snow_mat",0.581211825962941,2.13566996843386,0.15817387125919,0.66399,1990
"244","Snow_mat",1.25624862713903,2.54642496251785,0.61975539684792,0.36049,1991
"245","Snow_mat",0.497938850329434,1.92266222278438,0.128958220393143,0.68928,1992
"246","Snow_mat",0.455578608901778,1.89066723280473,0.109777048698826,0.72608,1993
"247","Snow_mat",0.50440740206952,2.01532525651997,0.126246037179062,0.70671,1994
"248","Snow_mat",0.851487890801907,2.33255445578861,0.310831597685962,0.51415,1995
"249","Snow_mat",0.791694257666145,2.10943470653824,0.297131641799024,0.5,1996
"250","Snow_mat",0.799842856487191,2.07858962745398,0.307780134483402,0.48726,1997
"251","Snow_mat",0.916218871650878,2.18266105538541,0.384602555993734,0.44288,1998
"252","Snow_mat",0.284608706993876,1.2888567691777,0.0628480355876987,0.77061,1999
"253","Snow_mat",0.243514205342227,1.06639094642788,0.0556073440065225,0.7535,2000
"254","Snow_mat",0.649969396180575,2.78223566346049,0.151841995816376,0.74188,2001
"255","Snow_mat",0.579934565447551,2.59030803222325,0.129839422963212,0.76358,2002
"256","Snow_mat",0.341444544893274,1.91928899048592,0.0607435241984367,0.88088,2003
"257","Snow_mat",0.316801463315843,1.53536908747092,0.0653674533231476,0.80523,2004
"258","Snow_mat",0.706557989679635,3.08560083955521,0.161791566290891,0.75209,2005
"259","Snow_mat",0.861689743018816,2.82710381298878,0.262639528768793,0.60618,2006
"260","Snow_mat",0.78890450374915,2.42633430030497,0.256506416266491,0.57321,2007
"261","Snow_mat",0.48232698635981,2.06087159976678,0.112883947644901,0.74095,2008
"262","Snow_mat",0.206738617708275,0.920986777046334,0.0464076761112693,0.76224,2009
"263","Snow_mat",0.191629779530144,0.832724519829001,0.044098584259669,0.74956,2010
"264","Snow_mat",0.366099545617444,1.49170714648667,0.0898493230504185,0.71672,2011
"265","Snow_mat",0.943734879753965,2.38119389866597,0.374028979228948,0.4722,2012
"266","Snow_mat",0.525660348552546,2.04888716619976,0.134862869268148,0.69408,2013
"267","Snow_mat",0.832227032320024,2.41876335686791,0.286345429931208,0.54434,2014
"268","Snow_mat",0.606312347973608,2.40662559908758,0.152751081615953,0.70336,2015
"269","Snow_mat",0.426584844427507,2.68866503254109,0.0676821498002872,0.93928,2016
"270","Snow_mat",0.472890697832738,2.40223559092674,0.0930906248085614,0.82923,2017
"271","Snow_mat",1.03635525988261,2.83758687761363,0.378501970515733,0.5139,2018
"272","Snow_mat",1.59636632558635,2.72112663882806,0.93651850270505,0.2721,2019
"273","Snow_mat",0.461040217543493,19.9072900735439,0.0106773991541437,1.9211,2020
"274","Snow_mat",0.905036504166599,2.1230199929772,0.385814112247455,0.43501,2021
"275","Snow_mat",0.415646558018696,2.22771589895406,0.0775512089642596,0.85658,2022
"276","Snow_mat",0.156817903045107,0.993105477033925,0.0247625808981664,0.94171,2023
"277","Tanner_imm",0.116821283902076,0.657396461719698,0.0207594855877826,0.88145,1975
"278","Tanner_imm",0.0877029274401289,0.426752610568998,0.0180240338103917,0.80727,1976
"279","Tanner_imm",0.0794442310271099,0.370332066058767,0.0170425043411911,0.78538,1977
"280","Tanner_imm",0.0682443931459088,0.302923191199194,0.0153745151614716,0.7604,1978
"281","Tanner_imm",0.0576670111194877,0.243407374749269,0.0136622161710616,0.73472,1979
"282","Tanner_imm",0.0826698759717432,0.38746645565012,0.0176384517769836,0.78815,1980
"283","Tanner_imm",0.0824420216976013,0.388860115613717,0.0174784881984127,0.79139,1981
"284","Tanner_imm",0.0708918360120527,0.321576826878346,0.0156281547459295,0.77147,1982
"285","Tanner_imm",0.0800727245800446,0.377817954961626,0.0169701866665466,0.79157,1983
"286","Tanner_imm",0.0719430820270302,0.326870372843515,0.0158344331011788,0.77229,1984
"287","Tanner_imm",0.0440896596094199,0.173743222933017,0.0111883390422885,0.69967,1985
"288","Tanner_imm",0.0348919198326225,0.129915739027609,0.00937104371432182,0.67073,1986
"289","Tanner_imm",0.0312698782821492,0.113598292910988,0.00860757026117112,0.65817,1987
"290","Tanner_imm",0.0302275959094667,0.108969244185976,0.00838500405588388,0.65424,1988
"291","Tanner_imm",0.0313575566337483,0.113832000197925,0.00863813651986286,0.65779,1989
"292","Tanner_imm",0.034517114689303,0.127771725721687,0.00932468587823317,0.66775,1990
"293","Tanner_imm",0.0478746089337658,0.192702139668241,0.0118938906672594,0.71049,1991
"294","Tanner_imm",0.0829481139330169,0.405257099380149,0.0169778385513011,0.80934,1992
"295","Tanner_imm",0.155722453581004,1.03255219847614,0.0234849943519328,0.96516,1993
"296","Tanner_imm",0.60774493490249,1.7301851051804,0.213476526178464,0.53379,1994
"297","Tanner_imm",0.151889803201147,0.95320699056333,0.0242030456604696,0.93708,1995
"298","Tanner_imm",0.136653056431172,0.785079415558606,0.0237862023406817,0.89201,1996
"299","Tanner_imm",0.115914781511475,0.624019538128205,0.0215317562221787,0.85884,1997
"300","Tanner_imm",0.119275420752843,0.645695531351575,0.0220330253269499,0.86168,1998
"301","Tanner_imm",0.138219814829401,0.778057850188007,0.0245543659855851,0.88161,1999
"302","Tanner_imm",0.110686876104922,0.584596390869039,0.0209573386583068,0.84909,2000
"303","Tanner_imm",0.169116069165881,0.940773565620359,0.0304007743151879,0.87557,2001
"304","Tanner_imm",0.105447824805883,0.540928700972094,0.0205558398663446,0.83422,2002
"305","Tanner_imm",0.070683720094482,0.318765486051076,0.0156735547134941,0.76849,2003
"306","Tanner_imm",0.0530940717549366,0.219695408228254,0.012831312580687,0.72458,2004
"307","Tanner_imm",0.0523486044547952,0.215340840817035,0.0127257624608839,0.72158,2005
"308","Tanner_imm",0.0599460672596416,0.256452145250885,0.0140124816518183,0.74158,2006
"309","Tanner_imm",0.089127263825825,0.42799181817355,0.0185603294730673,0.80053,2007
"310","Tanner_imm",0.10817467470433,0.553635029970359,0.0211362352703984,0.83304,2008
"311","Tanner_imm",0.0663666903317033,0.293815752580491,0.0149908149814996,0.75906,2009
"312","Tanner_imm",0.05928730955572,0.253798051763007,0.0138495352897271,0.74191,2010
"313","Tanner_imm",0.0726886520117467,0.331171801663676,0.0159543780742862,0.7737,2011
"314","Tanner_imm",0.0861737217394438,0.415898516168464,0.0178551017369322,0.8031,2012
"315","Tanner_imm",0.101528168178659,0.522058201598358,0.019744865423347,0.83543,2013
"316","Tanner_imm",0.195246971747206,1.26910255364246,0.030038061043248,0.955,2014
"317","Tanner_imm",0.345107264044309,2.40341826231615,0.0495540146147405,0.9902,2015
"318","Tanner_imm",0.386702351285796,2.29644804277197,0.0651173924707916,0.90891,2016
"319","Tanner_imm",0.132798810374934,0.797225583071483,0.0221211215639281,0.91444,2017
"320","Tanner_imm",0.242741060121669,1.81374904738926,0.032486976273706,1.0261,2018
"321","Tanner_imm",0.680518684670575,2.79636063911344,0.165610141162834,0.72103,2019
"322","Tanner_imm",0.208038941095169,2.15303397809118,0.0201019591202041,1.1923,2020
"323","Tanner_imm",0.248547824312546,1.87432388551391,0.0329590960494869,1.0308,2021
"324","Tanner_imm",0.120474158660443,0.692497119843535,0.0209589650108884,0.89228,2022
"325","Tanner_imm",0.170564799285595,1.41368532461078,0.0205790852100309,1.079,2023
"326","Tanner_mat",0.413854837790231,1.93340055865917,0.088587864524649,0.78649,1975
"327","Tanner_mat",0.292052996009071,1.47302307107191,0.0579046955563337,0.82558,1976
"328","Tanner_mat",0.321010964215776,1.42669188903577,0.0722286570342719,0.76104,1977
"329","Tanner_mat",0.261263970900988,1.19037359115384,0.0573423864559933,0.77372,1978
"330","Tanner_mat",0.115982031585388,0.509810393418999,0.0263859501970143,0.75541,1979
"331","Tanner_mat",0.224816672002591,1.05831159149899,0.0477577080477144,0.79038,1980
"332","Tanner_mat",0.312522128847736,1.49856562408669,0.065175711660306,0.79979,1981
"333","Tanner_mat",0.645848708497702,1.65325752631767,0.252302226137273,0.47956,1982
"334","Tanner_mat",0.186717219842781,0.908883459858702,0.0383584053683157,0.80746,1983
"335","Tanner_mat",0.111598239974176,0.481227474841361,0.0258800002419634,0.74563,1984
"336","Tanner_mat",0.0661784763215605,0.251762775977958,0.0173957039964747,0.6817,1985
"337","Tanner_mat",0.054820010312054,0.200130264890763,0.0150163871129339,0.66067,1986
"338","Tanner_mat",0.0553764979481675,0.202860404307338,0.0151165849021847,0.66243,1987
"339","Tanner_mat",0.0690378758242471,0.266467445116335,0.0178867189432589,0.68908,1988
"340","Tanner_mat",0.110724516041224,0.483780687479517,0.0253418930723282,0.75234,1989
"341","Tanner_mat",0.273684580979783,1.31439620435881,0.0569868123612076,0.80059,1990
"342","Tanner_mat",0.457883726211402,1.86028629886318,0.112701742122898,0.71524,1991
"343","Tanner_mat",0.397464363690393,1.96204167107962,0.0805171076294631,0.81461,1992
"344","Tanner_mat",0.481615115247187,1.89937939764907,0.122120477626354,0.70007,1993
"345","Tanner_mat",0.306502305993874,1.57532562981998,0.0596344411601414,0.8352,1994
"346","Tanner_mat",0.362910148554434,1.77305917115311,0.0742805305466188,0.80934,1995
"347","Tanner_mat",0.782391519034586,1.94391970272004,0.314898032156736,0.46434,1996
"348","Tanner_mat",0.234237434666568,1.22147164721838,0.044918910663315,0.84259,1997
"349","Tanner_mat",0.178640477228507,0.865283915407476,0.0368808659633998,0.80494,1998
"350","Tanner_mat",0.168994349420448,0.812009207174412,0.0351708944722673,0.80084,1999
"351","Tanner_mat",0.163693418509153,0.775228077016455,0.0345647120604017,0.79345,2000
"352","Tanner_mat",0.139374600937577,0.642531908764023,0.0302323964328486,0.77972,2001
"353","Tanner_mat",0.137854017216008,0.63644428385545,0.0298592202721514,0.78046,2002
"354","Tanner_mat",0.177941577296603,0.895425369884541,0.0353610764176645,0.82441,2003
"355","Tanner_mat",0.360306579580556,2.00871015067299,0.0646289516909869,0.87668,2004
"356","Tanner_mat",0.291711493821477,1.62018380065021,0.0525221864293466,0.87476,2005
"357","Tanner_mat",0.682037934671551,2.40986324239918,0.193029934706137,0.644,2006
"358","Tanner_mat",0.663172593933089,2.01950816683144,0.21777475157923,0.56815,2007
"359","Tanner_mat",0.216282468735301,1.15978703761389,0.0403333584228325,0.85684,2008
"360","Tanner_mat",0.620661148848608,1.97646836883214,0.194903327452538,0.59096,2009
"361","Tanner_mat",0.430176366385484,1.8572735889896,0.0996362126149064,0.74626,2010
"362","Tanner_mat",0.189705957060741,0.986485748649895,0.0364813685282179,0.84116,2011
"363","Tanner_mat",0.2151241447616,1.17343811557325,0.0394382942272176,0.86555,2012
"364","Tanner_mat",0.458699485054041,2.17046102737821,0.0969403343044585,0.79301,2013
"365","Tanner_mat",0.57639620433594,2.16192969459595,0.153674092734533,0.67447,2014
"366","Tanner_mat",0.227715098356813,1.22564887789748,0.042307521309533,0.85874,2015
"367","Tanner_mat",0.244279797400897,1.25468506892858,0.0475598386367822,0.83486,2016
"368","Tanner_mat",0.327925116505519,1.70510245527421,0.0630665223092796,0.84112,2017
"369","Tanner_mat",0.619222884015595,2.06921312053416,0.185305697264092,0.61554,2018
"370","Tanner_mat",0.241089993061654,1.52969412940955,0.0379973902213403,0.94268,2019
"371","Tanner_mat",0.287023840134968,1.66038383243724,0.0496166507986867,0.89553,2020
"372","Tanner_mat",0.305871561133785,1.71008794668159,0.0547091230553176,0.87813,2021
"373","Tanner_mat",0.37412698766005,2.14693834141429,0.0651956324015236,0.89143,2022
"374","Tanner_mat",0.277635826688691,2.2975124634022,0.0335500474922208,1.0782,2023
